{"cameraMode":{"drawMode":0,"name":"Shaded","section":"Shading Mode"},"sceneLighting":false,"audioPlay":false,"sceneViewState":{"showFog":false,"showMaterialUpdate":false,"showSkybox":false,"showFlares":false,"showImageEffects":false,"showParticleSystems":false},"in2DMode":false,"pivot":{"x":-83.30400085449219,"y":-15.999835014343262,"z":-62.004005432128909},"rotation":{"x":0.03660740330815315,"y":0.9599127173423767,"z":-0.2336963564157486,"w":0.15037758648395539},"size":0.9457046389579773,"orthographic":false}